<?xml version="1.0"?>

<font type="bitmap">

	<Texture index="0" filename="arial80.bmp" hasAlpha="false" />

	<c c=" " r="0, 0, 1, 14" o="2" />
	<c c="!" r="2, 0, 3, 14" o="1" />
	<c c="&quot;" r="4, 0, 7, 14" o="1" />
	<c c="#" r="8, 0, 13, 14" o="1" />
	<c c="$" r="14, 0, 19, 14" o="1" />
	<c c="%" r="20, 0, 29, 14" o="1" />
	<c c="&amp;" r="30, 0, 36, 14" o="1" />
	<c c="'" r="37, 0, 38, 14" o="1" />
	<c c="(" r="39, 0, 42, 14" o="1" />
	<c c=")" r="43, 0, 46, 14" o="1" />
	<c c="*" r="47, 0, 50, 14" o="1" />
	<c c="+" r="51, 0, 56, 14" o="1" />
	<c c="," r="57, 0, 58, 14" u="1" o="1" />
	<c c="-" r="59, 0, 62, 14" o="1" />
	<c c="." r="63, 0, 64, 14" u="1" o="1" />
	<c c="/" r="65, 0, 68, 14" />
	<c c="0" r="69, 0, 74, 14" o="1" />
	<c c="1" r="75, 0, 78, 14" o="3" />
	<c c="2" r="79, 0, 84, 14" o="1" />
	<c c="3" r="85, 0, 90, 14" o="1" />
	<c c="4" r="91, 0, 96, 14" o="1" />
	<c c="5" r="97, 0, 102, 14" o="1" />
	<c c="6" r="103, 0, 108, 14" o="1" />
	<c c="7" r="109, 0, 114, 14" o="1" />
	<c c="8" r="115, 0, 120, 14" o="1" />
	<c c="9" r="121, 0, 126, 14" o="1" />
	<c c=":" r="127, 0, 128, 14" o="2" />
	<c c=";" r="129, 0, 130, 14" o="2" />
	<c c="&lt;" r="131, 0, 136, 14" o="1" />
	<c c="=" r="137, 0, 142, 14" o="1" />
	<c c="&gt;" r="143, 0, 148, 14" o="1" />
	<c c="?" r="149, 0, 154, 14" o="1" />
	<c c="@" r="155, 0, 165, 14" o="1" />
	<c c="A" r="166, 0, 173, 14" o="1" />
	<c c="B" r="174, 0, 180, 14" o="1" />
	<c c="C" r="181, 0, 187, 14" o="1" />
	<c c="D" r="188, 0, 194, 14" o="1" />
	<c c="E" r="195, 0, 200, 14" o="1" />
	<c c="F" r="201, 0, 206, 14" o="1" />
	<c c="G" r="207, 0, 214, 14" o="1" />
	<c c="H" r="215, 0, 221, 14" o="1" />
	<c c="I" r="222, 0, 223, 14" o="1" />
	<c c="J" r="224, 0, 228, 14" o="1" />
	<c c="K" r="229, 0, 235, 14" o="1" />
	<c c="L" r="236, 0, 241, 14" o="1" />
	<c c="M" r="242, 0, 249, 14" o="1" />
	<c c="N" r="250, 0, 256, 14" o="1" />
	<c c="O" r="257, 0, 264, 14" o="1" />
	<c c="P" r="265, 0, 270, 14" o="1" />
	<c c="Q" r="271, 0, 278, 14" o="1" />
	<c c="R" r="279, 0, 285, 14" o="1" />
	<c c="S" r="286, 0, 292, 14" o="1" />
	<c c="T" r="293, 0, 298, 14" o="1" />
	<c c="U" r="299, 0, 305, 14" o="1" />
	<c c="V" r="306, 0, 313, 14" o="1" />
	<c c="W" r="314, 0, 325, 14" u="-1" />
	<c c="X" r="326, 0, 332, 14" o="1" />
	<c c="Y" r="333, 0, 340, 14" o="1" />
	<c c="Z" r="341, 0, 347, 14" o="1" />
	<c c="[" r="348, 0, 350, 14" o="1" />
	<c c="\" r="351, 0, 354, 14" />
	<c c="]" r="355, 0, 357, 14" o="1" />
	<c c="^" r="358, 0, 363, 14" />
	<c c="_" r="364, 0, 370, 14" />
	<c c="`" r="371, 0, 373, 14" o="2" />
	<c c="a" r="374, 0, 379, 14" o="1" />
	<c c="b" r="380, 0, 385, 14" o="1" />
	<c c="c" r="386, 0, 391, 14" o="1" />
	<c c="d" r="392, 0, 397, 14" o="1" />
	<c c="e" r="398, 0, 403, 14" o="1" />
	<c c="f" r="404, 0, 408, 14" />
	<c c="g" r="409, 0, 414, 14" o="1" />
	<c c="h" r="415, 0, 420, 14" o="1" />
	<c c="i" r="421, 0, 422, 14" o="1" />
	<c c="j" r="423, 0, 425, 14" u="-1" o="1" />
	<c c="k" r="426, 0, 430, 14" o="1" />
	<c c="l" r="431, 0, 432, 14" o="1" />
	<c c="m" r="433, 0, 440, 14" o="1" />
	<c c="n" r="441, 0, 446, 14" o="1" />
	<c c="o" r="447, 0, 452, 14" o="1" />
	<c c="p" r="453, 0, 458, 14" o="1" />
	<c c="q" r="459, 0, 464, 14" o="1" />
	<c c="r" r="465, 0, 468, 14" o="1" />
	<c c="s" r="469, 0, 474, 14" o="1" />
	<c c="t" r="475, 0, 478, 14" u="-1" o="1" />
	<c c="u" r="479, 0, 484, 14" o="1" />
	<c c="v" r="485, 0, 490, 14" o="1" />
	<c c="w" r="491, 0, 500, 14" o="1" />
	<c c="x" r="501, 0, 506, 14" o="1" />
	<c c="y" r="507, 0, 512, 14" o="1" />
	<c c="z" r="0, 15, 5, 29" o="1" />
	<c c="{" r="6, 15, 9, 29" o="1" />
	<c c="|" r="10, 15, 11, 29" o="1" />
	<c c="}" r="12, 15, 15, 29" u="1" />
	<c c="~" r="16, 15, 21, 29" o="1" />
	<c c=" " r="22, 15, 23, 29" o="2" />
	<c c="¡" r="24, 15, 25, 29" o="1" />
	<c c="¢" r="26, 15, 31, 29" o="1" />
	<c c="£" r="32, 15, 37, 29" o="1" />
	<c c="¤" r="38, 15, 44, 29" o="1" />
	<c c="¥" r="45, 15, 50, 29" o="1" />
	<c c="¦" r="51, 15, 52, 29" o="1" />
	<c c="§" r="53, 15, 58, 29" o="1" />
	<c c="¨" r="59, 15, 62, 29" o="1" />
	<c c="©" r="63, 15, 71, 29" />
	<c c="ª" r="72, 15, 75, 29" o="1" />
	<c c="«" r="76, 15, 81, 29" o="1" />
	<c c="¬" r="82, 15, 87, 29" o="1" />
	<c c="­" r="88, 15, 91, 29" o="1" />
	<c c="®" r="92, 15, 100, 29" />
	<c c="¯" r="101, 15, 107, 29" />
	<c c="°" r="108, 15, 111, 29" o="1" />
	<c c="±" r="112, 15, 117, 29" o="1" />
	<c c="²" r="118, 15, 121, 29" o="1" />
	<c c="³" r="122, 15, 125, 29" o="1" />
	<c c="´" r="126, 15, 128, 29" u="1" o="1" />
	<c c="µ" r="129, 15, 134, 29" o="1" />
	<c c="¶" r="135, 15, 141, 29" />
	<c c="·" r="142, 15, 143, 29" o="2" />
	<c c="¸" r="144, 15, 146, 29" u="1" o="1" />
	<c c="¹" r="147, 15, 149, 29" u="1" o="1" />
	<c c="º" r="150, 15, 154, 29" o="1" />
	<c c="»" r="155, 15, 160, 29" o="1" />
	<c c="¼" r="161, 15, 169, 29" o="1" />
	<c c="½" r="170, 15, 178, 29" u="1" o="1" />
	<c c="¾" r="179, 15, 188, 29" o="1" />
	<c c="¿" r="189, 15, 194, 29" o="1" />
	<c c="À" r="195, 15, 202, 29" o="1" />
	<c c="Á" r="203, 15, 210, 29" o="1" />
	<c c="Â" r="211, 15, 218, 29" o="1" />
	<c c="Ã" r="219, 15, 226, 29" o="1" />
	<c c="Ä" r="227, 15, 234, 29" o="1" />
	<c c="Å" r="235, 15, 242, 29" o="1" />
	<c c="Æ" r="243, 15, 254, 29" u="-1" o="1" />
	<c c="Ç" r="255, 15, 261, 29" o="1" />
	<c c="È" r="262, 15, 267, 29" o="1" />
	<c c="É" r="268, 15, 273, 29" o="1" />
	<c c="Ê" r="274, 15, 279, 29" o="1" />
	<c c="Ë" r="280, 15, 285, 29" o="1" />
	<c c="Ì" r="286, 15, 288, 29" u="-1" o="1" />
	<c c="Í" r="289, 15, 291, 29" />
	<c c="Î" r="292, 15, 297, 29" u="-2" o="-1" />
	<c c="Ï" r="298, 15, 301, 29" u="-1" />
	<c c="Ð" r="302, 15, 309, 29" o="1" />
	<c c="Ñ" r="310, 15, 316, 29" o="1" />
	<c c="Ò" r="317, 15, 324, 29" o="1" />
	<c c="Ó" r="325, 15, 332, 29" o="1" />
	<c c="Ô" r="333, 15, 340, 29" o="1" />
	<c c="Õ" r="341, 15, 348, 29" o="1" />
	<c c="Ö" r="349, 15, 356, 29" o="1" />
	<c c="×" r="357, 15, 362, 29" o="1" />
	<c c="Ø" r="363, 15, 370, 29" o="1" />
	<c c="Ù" r="371, 15, 377, 29" o="1" />
	<c c="Ú" r="378, 15, 384, 29" o="1" />
	<c c="Û" r="385, 15, 391, 29" o="1" />
	<c c="Ü" r="392, 15, 398, 29" o="1" />
	<c c="Ý" r="399, 15, 406, 29" o="1" />
	<c c="Þ" r="407, 15, 413, 29" o="1" />
	<c c="ß" r="414, 15, 420, 29" o="1" />
	<c c="à" r="421, 15, 426, 29" o="1" />
	<c c="á" r="427, 15, 432, 29" o="1" />
	<c c="â" r="433, 15, 438, 29" o="1" />
	<c c="ã" r="439, 15, 444, 29" o="1" />
	<c c="ä" r="445, 15, 450, 29" o="1" />
	<c c="å" r="451, 15, 456, 29" o="1" />
	<c c="æ" r="457, 15, 466, 29" o="1" />
	<c c="ç" r="467, 15, 472, 29" o="1" />
	<c c="è" r="473, 15, 478, 29" o="1" />
	<c c="é" r="479, 15, 484, 29" o="1" />
	<c c="ê" r="485, 15, 490, 29" o="1" />
	<c c="ë" r="491, 15, 496, 29" o="1" />
	<c c="ì" r="497, 15, 499, 29" u="-1" o="1" />
	<c c="í" r="500, 15, 502, 29" />
	<c c="î" r="503, 15, 508, 29" u="-1" o="-2" />
	<c c="ï" r="509, 15, 512, 29" u="-1" />
	<c c="ð" r="0, 30, 5, 44" o="1" />
	<c c="ñ" r="6, 30, 11, 44" o="1" />
	<c c="ò" r="12, 30, 17, 44" o="1" />
	<c c="ó" r="18, 30, 23, 44" o="1" />
	<c c="ô" r="24, 30, 29, 44" o="1" />
	<c c="õ" r="30, 30, 35, 44" o="1" />
	<c c="ö" r="36, 30, 41, 44" o="1" />
	<c c="÷" r="42, 30, 47, 44" o="1" />
	<c c="ø" r="48, 30, 53, 44" o="1" />
	<c c="ù" r="54, 30, 59, 44" o="1" />
	<c c="ú" r="60, 30, 65, 44" o="1" />
	<c c="û" r="66, 30, 71, 44" o="1" />
	<c c="ü" r="72, 30, 77, 44" o="1" />
	<c c="ý" r="78, 30, 83, 44" o="1" />
	<c c="þ" r="84, 30, 89, 44" o="1" />
	<c c="ÿ" r="90, 30, 95, 44" o="1" />
	<c c="Ā" r="96, 30, 103, 44" o="1" />
	<c c="ā" r="104, 30, 109, 44" o="1" />
	<c c="Ă" r="110, 30, 117, 44" o="1" />
	<c c="ă" r="118, 30, 123, 44" o="1" />
	<c c="Ą" r="124, 30, 132, 44" />
	<c c="ą" r="133, 30, 139, 44" />
	<c c="Ć" r="140, 30, 146, 44" o="1" />
	<c c="ć" r="147, 30, 152, 44" o="1" />
	<c c="Ĉ" r="153, 30, 159, 44" o="1" />
	<c c="ĉ" r="160, 30, 165, 44" o="1" />
	<c c="Ċ" r="166, 30, 172, 44" o="1" />
	<c c="ċ" r="173, 30, 178, 44" o="1" />
	<c c="Č" r="179, 30, 185, 44" o="1" />
	<c c="č" r="186, 30, 191, 44" o="1" />
	<c c="Ď" r="192, 30, 199, 44" u="-1" o="1" />
	<c c="ď" r="200, 30, 207, 44" />
	<c c="Đ" r="208, 30, 215, 44" o="1" />
	<c c="đ" r="216, 30, 222, 44" />
	<c c="Ē" r="223, 30, 228, 44" o="1" />
	<c c="ē" r="229, 30, 234, 44" o="1" />
	<c c="Ĕ" r="235, 30, 240, 44" o="1" />
	<c c="ĕ" r="241, 30, 246, 44" o="1" />
	<c c="Ė" r="247, 30, 252, 44" o="1" />
	<c c="ė" r="253, 30, 258, 44" o="1" />
	<c c="Ę" r="259, 30, 264, 44" o="1" />
	<c c="ę" r="265, 30, 270, 44" o="1" />
	<c c="Ě" r="271, 30, 276, 44" o="1" />
	<c c="ě" r="277, 30, 282, 44" o="1" />
	<c c="Ĝ" r="283, 30, 290, 44" o="1" />
	<c c="ĝ" r="291, 30, 296, 44" o="1" />
	<c c="Ğ" r="297, 30, 304, 44" o="1" />
	<c c="ğ" r="305, 30, 310, 44" o="1" />
	<c c="Ġ" r="311, 30, 318, 44" o="1" />
	<c c="ġ" r="319, 30, 324, 44" o="1" />
	<c c="Ģ" r="325, 30, 332, 44" o="1" />
	<c c="ģ" r="333, 30, 338, 44" o="1" />
	<c c="Ĥ" r="339, 30, 345, 44" o="1" />
	<c c="ĥ" r="346, 30, 351, 44" o="1" />
	<c c="Ħ" r="352, 30, 360, 44" o="1" />
	<c c="ħ" r="361, 30, 367, 44" u="-1" o="1" />
	<c c="Ĩ" r="368, 30, 372, 44" u="-1" o="-1" />
	<c c="ĩ" r="373, 30, 377, 44" u="-1" o="-1" />
	<c c="Ī" r="378, 30, 382, 44" u="-1" o="-1" />
	<c c="ī" r="383, 30, 387, 44" u="-1" o="-1" />
	<c c="Ĭ" r="388, 30, 391, 44" u="-1" />
	<c c="ĭ" r="392, 30, 395, 44" u="-1" />
	<c c="Į" r="396, 30, 399, 44" o="-1" />
	<c c="į" r="400, 30, 402, 44" />
	<c c="İ" r="403, 30, 404, 44" o="1" />
	<c c="ı" r="405, 30, 406, 44" o="1" />
	<c c="Ĳ" r="407, 30, 413, 44" u="1" o="1" />
	<c c="ĳ" r="414, 30, 418, 44" o="1" />
	<c c="Ĵ" r="419, 30, 425, 44" o="-1" />
	<c c="ĵ" r="426, 30, 431, 44" u="-2" o="-1" />
	<c c="Ķ" r="432, 30, 438, 44" o="1" />
	<c c="ķ" r="439, 30, 443, 44" o="1" />
	<c c="ĸ" r="444, 30, 450, 44" />
	<c c="Ĺ" r="451, 30, 456, 44" o="1" />
	<c c="ĺ" r="457, 30, 459, 44" />
	<c c="Ļ" r="460, 30, 465, 44" o="1" />
	<c c="ļ" r="466, 30, 469, 44" u="-1" />
	<c c="Ľ" r="470, 30, 475, 44" o="1" />
	<c c="ľ" r="476, 30, 479, 44" o="1" />
	<c c="Ŀ" r="480, 30, 485, 44" o="1" />
	<c c="ŀ" r="486, 30, 489, 44" o="1" />
	<c c="Ł" r="490, 30, 496, 44" u="-1" o="1" />
	<c c="ł" r="497, 30, 500, 44" u="-1" />
	<c c="Ń" r="501, 30, 507, 44" o="1" />
	<c c="ń" r="0, 45, 5, 59" o="1" />
	<c c="Ņ" r="6, 45, 12, 59" o="1" />
	<c c="ņ" r="13, 45, 18, 59" o="1" />
	<c c="Ň" r="19, 45, 25, 59" o="1" />
	<c c="ň" r="26, 45, 31, 59" o="1" />
	<c c="ŉ" r="32, 45, 38, 59" o="1" />
	<c c="Ŋ" r="39, 45, 45, 59" u="1" o="1" />
	<c c="ŋ" r="46, 45, 51, 59" o="1" />
	<c c="Ō" r="52, 45, 59, 59" o="1" />
	<c c="ō" r="60, 45, 65, 59" o="1" />
	<c c="Ŏ" r="66, 45, 73, 59" o="1" />
	<c c="ŏ" r="74, 45, 79, 59" o="1" />
	<c c="Ő" r="80, 45, 87, 59" o="1" />
	<c c="ő" r="88, 45, 93, 59" o="1" />
	<c c="Œ" r="94, 45, 104, 59" o="1" />
	<c c="œ" r="105, 45, 114, 59" o="1" />
	<c c="Ŕ" r="115, 45, 121, 59" o="1" />
	<c c="ŕ" r="122, 45, 125, 59" o="1" />
	<c c="Ŗ" r="126, 45, 132, 59" o="1" />
	<c c="ŗ" r="133, 45, 136, 59" o="1" />
	<c c="Ř" r="137, 45, 143, 59" o="1" />
	<c c="ř" r="144, 45, 149, 59" u="-1" />
	<c c="Ś" r="150, 45, 156, 59" o="1" />
	<c c="ś" r="157, 45, 162, 59" o="1" />
	<c c="Ŝ" r="163, 45, 169, 59" o="1" />
	<c c="ŝ" r="170, 45, 175, 59" o="1" />
	<c c="Ş" r="176, 45, 182, 59" o="1" />
	<c c="ş" r="183, 45, 188, 59" o="1" />
	<c c="Š" r="189, 45, 195, 59" o="1" />
	<c c="š" r="196, 45, 201, 59" o="1" />
	<c c="Ţ" r="202, 45, 207, 59" o="1" />
	<c c="ţ" r="208, 45, 211, 59" u="-1" o="1" />
	<c c="Ť" r="212, 45, 217, 59" o="1" />
	<c c="ť" r="218, 45, 222, 59" />
	<c c="Ŧ" r="223, 45, 228, 59" o="1" />
	<c c="ŧ" r="229, 45, 232, 59" o="1" />
	<c c="Ũ" r="233, 45, 239, 59" o="1" />
	<c c="ũ" r="240, 45, 245, 59" o="1" />
	<c c="Ū" r="246, 45, 252, 59" o="1" />
	<c c="ū" r="253, 45, 258, 59" o="1" />
	<c c="Ŭ" r="259, 45, 265, 59" o="1" />
	<c c="ŭ" r="266, 45, 271, 59" o="1" />
	<c c="Ů" r="272, 45, 278, 59" o="1" />
	<c c="ů" r="279, 45, 284, 59" o="1" />
	<c c="Ű" r="285, 45, 291, 59" o="1" />
	<c c="ű" r="292, 45, 297, 59" o="1" />
	<c c="Ų" r="298, 45, 303, 59" u="1" o="2" />
	<c c="ų" r="304, 45, 310, 59" />
	<c c="Ŵ" r="311, 45, 322, 59" u="-1" />
	<c c="ŵ" r="323, 45, 332, 59" o="1" />
	<c c="Ŷ" r="333, 45, 340, 59" o="1" />
	<c c="ŷ" r="341, 45, 347, 59" u="-1" o="1" />
	<c c="Ÿ" r="348, 45, 355, 59" o="1" />
	<c c="Ź" r="356, 45, 362, 59" o="1" />
	<c c="ź" r="363, 45, 368, 59" o="1" />
	<c c="Ż" r="369, 45, 375, 59" o="1" />
	<c c="ż" r="376, 45, 381, 59" o="1" />
	<c c="Ž" r="382, 45, 388, 59" o="1" />
	<c c="ž" r="389, 45, 394, 59" o="1" />
	<c c="ſ" r="395, 45, 397, 59" />
	<c c="Ə" r="398, 45, 405, 59" o="1" />
	<c c="ƒ" r="406, 45, 411, 59" o="1" />
	<c c="Ơ" r="412, 45, 420, 59" o="1" />
	<c c="ơ" r="421, 45, 427, 59" o="1" />
	<c c="Ư" r="428, 45, 436, 59" u="1" />
	<c c="ư" r="437, 45, 444, 59" />
	<c c="Ǎ" r="445, 45, 452, 59" o="1" />
	<c c="ǎ" r="453, 45, 458, 59" o="1" />
	<c c="Ǐ" r="459, 45, 464, 59" u="-2" o="-1" />
	<c c="ǐ" r="465, 45, 470, 59" u="-2" o="-1" />
	<c c="Ǒ" r="471, 45, 478, 59" o="1" />
	<c c="ǒ" r="479, 45, 484, 59" o="1" />
	<c c="Ǔ" r="485, 45, 491, 59" o="1" />
	<c c="ǔ" r="492, 45, 497, 59" o="1" />
	<c c="Ǖ" r="498, 45, 504, 59" o="1" />
	<c c="ǖ" r="505, 45, 510, 59" o="1" />
	<c c="Ǘ" r="0, 60, 6, 74" o="1" />
	<c c="ǘ" r="7, 60, 12, 74" o="1" />
	<c c="Ǚ" r="13, 60, 19, 74" o="1" />
	<c c="ǚ" r="20, 60, 25, 74" o="1" />
	<c c="Ǜ" r="26, 60, 32, 74" o="1" />
	<c c="ǜ" r="33, 60, 38, 74" o="1" />
	<c c="Ǻ" r="39, 60, 46, 74" o="1" />
	<c c="ǻ" r="47, 60, 52, 74" o="1" />
	<c c="Ǽ" r="53, 60, 64, 74" u="-1" o="1" />
	<c c="ǽ" r="65, 60, 74, 74" o="1" />
	<c c="Ǿ" r="75, 60, 82, 74" o="1" />
	<c c="ǿ" r="83, 60, 88, 74" o="1" />
	<c c="ə" r="89, 60, 94, 74" o="1" />
	<c c="ˆ" r="95, 60, 100, 74" o="-1" />
	<c c="ˇ" r="101, 60, 106, 74" o="-1" />
	<c c="ˉ" r="107, 60, 111, 74" />
	<c c="˘" r="112, 60, 115, 74" o="1" />
	<c c="˙" r="116, 60, 117, 74" u="1" o="2" />
	<c c="˚" r="118, 60, 121, 74" u="1" />
	<c c="˛" r="122, 60, 124, 74" u="1" o="1" />
	<c c="˜" r="125, 60, 129, 74" />
	<c c="˝" r="130, 60, 134, 74" />
	<c c="̀" r="135, 60, 137, 74" u="-3" o="1" />
	<c c="́" r="138, 60, 140, 74" u="-2" />
	<c c="̃" r="141, 60, 145, 74" u="-5" o="1" />
	<c c="̉" r="146, 60, 149, 74" u="-4" o="1" />
	<c c="̣" r="150, 60, 151, 74" u="-4" o="3" />
	<c c=";" r="152, 60, 153, 74" o="2" />
	<c c="΄" r="154, 60, 156, 74" u="1" o="1" />
	<c c="΅" r="157, 60, 161, 74" />
	<c c="Ά" r="162, 60, 170, 74" u="-1" o="1" />
	<c c="·" r="171, 60, 172, 74" u="1" o="1" />
	<c c="Έ" r="173, 60, 181, 74" u="-1" o="2" />
	<c c="Ή" r="182, 60, 191, 74" u="-1" o="1" />
	<c c="Ί" r="192, 60, 196, 74" u="-1" o="2" />
	<c c="Ό" r="197, 60, 206, 74" u="-1" o="1" />
	<c c="Ύ" r="207, 60, 217, 74" u="-1" o="1" />
	<c c="Ώ" r="218, 60, 226, 74" u="-1" o="1" />
	<c c="ΐ" r="227, 60, 231, 74" u="-1" o="-1" />
	<c c="Α" r="232, 60, 239, 74" o="1" />
	<c c="Β" r="240, 60, 246, 74" o="1" />
	<c c="Γ" r="247, 60, 251, 74" u="1" o="1" />
	<c c="Δ" r="252, 60, 261, 74" u="-1" />
	<c c="Ε" r="262, 60, 267, 74" o="1" />
	<c c="Ζ" r="268, 60, 274, 74" o="1" />
	<c c="Η" r="275, 60, 281, 74" o="1" />
	<c c="Θ" r="282, 60, 289, 74" o="1" />
	<c c="Ι" r="290, 60, 291, 74" o="1" />
	<c c="Κ" r="292, 60, 298, 74" o="1" />
	<c c="Λ" r="299, 60, 308, 74" u="-1" />
	<c c="Μ" r="309, 60, 316, 74" o="1" />
	<c c="Ν" r="317, 60, 323, 74" o="1" />
	<c c="Ξ" r="324, 60, 329, 74" u="1" o="1" />
	<c c="Ο" r="330, 60, 337, 74" o="1" />
	<c c="Π" r="338, 60, 344, 74" o="1" />
	<c c="Ρ" r="345, 60, 350, 74" o="1" />
	<c c="Σ" r="351, 60, 356, 74" u="1" o="1" />
	<c c="Τ" r="357, 60, 362, 74" o="1" />
	<c c="Υ" r="363, 60, 370, 74" o="1" />
	<c c="Φ" r="371, 60, 378, 74" o="1" />
	<c c="Χ" r="379, 60, 385, 74" o="1" />
	<c c="Ψ" r="386, 60, 393, 74" o="1" />
	<c c="Ω" r="394, 60, 401, 74" o="1" />
	<c c="Ϊ" r="402, 60, 405, 74" u="-1" />
	<c c="Ϋ" r="406, 60, 413, 74" o="1" />
	<c c="ά" r="414, 60, 419, 74" o="1" />
	<c c="έ" r="420, 60, 424, 74" o="1" />
	<c c="ή" r="425, 60, 430, 74" o="1" />
	<c c="ί" r="431, 60, 433, 74" />
	<c c="ΰ" r="434, 60, 439, 74" o="1" />
	<c c="α" r="440, 60, 445, 74" o="1" />
	<c c="β" r="446, 60, 451, 74" o="1" />
	<c c="γ" r="452, 60, 459, 74" u="-1" />
	<c c="δ" r="460, 60, 465, 74" o="1" />
	<c c="ε" r="466, 60, 470, 74" o="1" />
	<c c="ζ" r="471, 60, 475, 74" o="1" />
	<c c="η" r="476, 60, 481, 74" o="1" />
	<c c="θ" r="482, 60, 487, 74" o="1" />
	<c c="ι" r="488, 60, 489, 74" o="1" />
	<c c="κ" r="490, 60, 496, 74" />
	<c c="λ" r="497, 60, 504, 74" u="-1" />
	<c c="μ" r="505, 60, 510, 74" o="1" />
	<c c="ν" r="0, 75, 5, 89" o="1" />
	<c c="ξ" r="6, 75, 10, 89" o="1" />
	<c c="ο" r="11, 75, 16, 89" o="1" />
	<c c="π" r="17, 75, 25, 89" o="1" />
	<c c="ρ" r="26, 75, 31, 89" o="1" />
	<c c="ς" r="32, 75, 36, 89" o="1" />
	<c c="σ" r="37, 75, 44, 89" />
	<c c="τ" r="45, 75, 48, 89" o="1" />
	<c c="υ" r="49, 75, 54, 89" o="1" />
	<c c="φ" r="55, 75, 61, 89" o="1" />
	<c c="χ" r="62, 75, 68, 89" u="-1" />
	<c c="ψ" r="69, 75, 76, 89" o="1" />
	<c c="ω" r="77, 75, 84, 89" o="1" />
	<c c="ϊ" r="85, 75, 88, 89" u="-1" />
	<c c="ϋ" r="89, 75, 94, 89" o="1" />
	<c c="ό" r="95, 75, 100, 89" o="1" />
	<c c="ύ" r="101, 75, 106, 89" o="1" />
	<c c="ώ" r="107, 75, 114, 89" o="1" />
	<c c="Ё" r="115, 75, 120, 89" o="1" />
	<c c="Ђ" r="121, 75, 130, 89" o="1" />
	<c c="Ѓ" r="131, 75, 136, 89" u="1" />
	<c c="Є" r="137, 75, 143, 89" o="1" />
	<c c="Ѕ" r="144, 75, 150, 89" o="1" />
	<c c="І" r="151, 75, 152, 89" o="1" />
	<c c="Ї" r="153, 75, 156, 89" u="-1" />
	<c c="Ј" r="157, 75, 161, 89" o="1" />
	<c c="Љ" r="162, 75, 173, 89" o="1" />
	<c c="Њ" r="174, 75, 183, 89" u="1" o="1" />
	<c c="Ћ" r="184, 75, 192, 89" o="1" />
	<c c="Ќ" r="193, 75, 198, 89" u="1" o="1" />
	<c c="Ў" r="199, 75, 206, 89" />
	<c c="Џ" r="207, 75, 213, 89" o="1" />
	<c c="А" r="214, 75, 221, 89" o="1" />
	<c c="Б" r="222, 75, 227, 89" u="1" o="1" />
	<c c="В" r="228, 75, 234, 89" o="1" />
	<c c="Г" r="235, 75, 240, 89" u="1" />
	<c c="Д" r="241, 75, 248, 89" o="1" />
	<c c="Е" r="249, 75, 254, 89" o="1" />
	<c c="Ж" r="255, 75, 266, 89" o="1" />
	<c c="З" r="267, 75, 272, 89" o="2" />
	<c c="И" r="273, 75, 279, 89" u="1" o="2" />
	<c c="Й" r="280, 75, 286, 89" u="1" o="2" />
	<c c="К" r="287, 75, 292, 89" u="1" o="1" />
	<c c="Л" r="293, 75, 299, 89" o="1" />
	<c c="М" r="300, 75, 307, 89" o="1" />
	<c c="Н" r="308, 75, 314, 89" o="1" />
	<c c="О" r="315, 75, 322, 89" o="1" />
	<c c="П" r="323, 75, 329, 89" o="1" />
	<c c="Р" r="330, 75, 335, 89" o="1" />
	<c c="С" r="336, 75, 342, 89" o="1" />
	<c c="Т" r="343, 75, 348, 89" o="1" />
	<c c="У" r="349, 75, 356, 89" />
	<c c="Ф" r="357, 75, 364, 89" o="1" />
	<c c="Х" r="365, 75, 371, 89" o="1" />
	<c c="Ц" r="372, 75, 379, 89" />
	<c c="Ч" r="380, 75, 385, 89" o="1" />
	<c c="Ш" r="386, 75, 395, 89" o="1" />
	<c c="Щ" r="396, 75, 406, 89" />
	<c c="Ъ" r="407, 75, 414, 89" o="1" />
	<c c="Ы" r="415, 75, 422, 89" u="1" o="1" />
	<c c="Ь" r="423, 75, 428, 89" u="1" o="1" />
	<c c="Э" r="429, 75, 435, 89" u="1" o="1" />
	<c c="Ю" r="436, 75, 445, 89" u="1" o="1" />
	<c c="Я" r="446, 75, 452, 89" u="1" o="1" />
	<c c="а" r="453, 75, 458, 89" o="1" />
	<c c="б" r="459, 75, 464, 89" o="1" />
	<c c="в" r="465, 75, 469, 89" u="1" o="2" />
	<c c="г" r="470, 75, 473, 89" u="1" />
	<c c="д" r="474, 75, 479, 89" o="1" />
	<c c="е" r="480, 75, 485, 89" o="1" />
	<c c="ж" r="486, 75, 493, 89" o="1" />
	<c c="з" r="494, 75, 498, 89" o="1" />
	<c c="и" r="499, 75, 504, 89" o="1" />
	<c c="й" r="505, 75, 510, 89" o="1" />
	<c c="к" r="0, 90, 4, 104" o="1" />
	<c c="л" r="5, 90, 10, 104" o="1" />
	<c c="м" r="11, 90, 18, 104" o="1" />
	<c c="н" r="19, 90, 24, 104" o="1" />
	<c c="о" r="25, 90, 30, 104" o="1" />
	<c c="п" r="31, 90, 36, 104" o="1" />
	<c c="р" r="37, 90, 42, 104" o="1" />
	<c c="с" r="43, 90, 48, 104" o="1" />
	<c c="т" r="49, 90, 54, 104" o="1" />
	<c c="у" r="55, 90, 60, 104" o="1" />
	<c c="ф" r="61, 90, 68, 104" o="1" />
	<c c="х" r="69, 90, 74, 104" o="1" />
	<c c="ц" r="75, 90, 81, 104" />
	<c c="ч" r="82, 90, 87, 104" o="1" />
	<c c="ш" r="88, 90, 93, 104" u="1" o="2" />
	<c c="щ" r="94, 90, 101, 104" u="1" />
	<c c="ъ" r="102, 90, 107, 104" u="1" o="1" />
	<c c="ы" r="108, 90, 115, 104" o="1" />
	<c c="ь" r="116, 90, 121, 104" o="1" />
	<c c="э" r="122, 90, 127, 104" o="1" />
	<c c="ю" r="128, 90, 135, 104" o="1" />
	<c c="я" r="136, 90, 141, 104" o="1" />
	<c c="ё" r="142, 90, 147, 104" o="1" />
	<c c="ђ" r="148, 90, 154, 104" u="-1" o="1" />
	<c c="ѓ" r="155, 90, 158, 104" u="1" />
	<c c="є" r="159, 90, 164, 104" o="1" />
	<c c="ѕ" r="165, 90, 170, 104" o="1" />
	<c c="і" r="171, 90, 172, 104" o="1" />
	<c c="ї" r="173, 90, 176, 104" u="-1" />
	<c c="ј" r="177, 90, 179, 104" u="-1" o="1" />
	<c c="љ" r="180, 90, 189, 104" o="1" />
	<c c="њ" r="190, 90, 198, 104" o="1" />
	<c c="ћ" r="199, 90, 205, 104" u="-1" o="1" />
	<c c="ќ" r="206, 90, 210, 104" o="1" />
	<c c="ў" r="211, 90, 216, 104" o="1" />
	<c c="џ" r="217, 90, 222, 104" o="1" />
	<c c="Ґ" r="223, 90, 227, 104" u="1" />
	<c c="ґ" r="228, 90, 231, 104" u="1" o="1" />
	<c c="Ғ" r="232, 90, 238, 104" />
	<c c="ғ" r="239, 90, 243, 104" />
	<c c="Җ" r="244, 90, 255, 104" o="-1" />
	<c c="җ" r="256, 90, 264, 104" o="-1" />
	<c c="Қ" r="265, 90, 270, 104" u="1" />
	<c c="қ" r="271, 90, 275, 104" o="1" />
	<c c="Ҝ" r="276, 90, 282, 104" />
	<c c="ҝ" r="283, 90, 288, 104" />
	<c c="Ң" r="289, 90, 296, 104" u="1" />
	<c c="ң" r="297, 90, 303, 104" />
	<c c="Ү" r="304, 90, 311, 104" o="-1" />
	<c c="ү" r="312, 90, 317, 104" o="1" />
	<c c="Ұ" r="318, 90, 325, 104" o="-1" />
	<c c="ұ" r="326, 90, 331, 104" o="1" />
	<c c="Ҳ" r="332, 90, 339, 104" u="1" o="-1" />
	<c c="ҳ" r="340, 90, 346, 104" />
	<c c="Ҹ" r="347, 90, 352, 104" u="1" o="1" />
	<c c="ҹ" r="353, 90, 358, 104" o="1" />
	<c c="Һ" r="359, 90, 364, 104" u="1" o="1" />
	<c c="һ" r="365, 90, 370, 104" o="1" />
	<c c="Ә" r="371, 90, 378, 104" o="1" />
	<c c="ә" r="379, 90, 384, 104" o="1" />
	<c c="Ө" r="385, 90, 393, 104" o="1" />
	<c c="ө" r="394, 90, 399, 104" o="1" />
	<c c="ְ" r="400, 90, 401, 104" u="1" o="2" />
	<c c="ֱ" r="402, 90, 407, 104" o="-1" />
	<c c="ֲ" r="408, 90, 412, 104" />
	<c c="ֳ" r="413, 90, 418, 104" u="-1" />
	<c c="ִ" r="419, 90, 420, 104" u="1" o="2" />
	<c c="ֵ" r="421, 90, 424, 104" u="1" />
	<c c="ֶ" r="425, 90, 428, 104" u="1" />
	<c c="ַ" r="429, 90, 431, 104" u="1" o="1" />
	<c c="ָ" r="432, 90, 435, 104" u="1" />
	<c c="ֹ" r="436, 90, 437, 104" u="1" o="2" />
	<c c="ֺ" r="438, 90, 439, 104" u="1" o="2" />
	<c c="ֻ" r="440, 90, 443, 104" u="1" />
	<c c="ּ" r="444, 90, 445, 104" u="1" o="2" />
	<c c="־" r="446, 90, 449, 104" u="1" />
	<c c="ֿ" r="450, 90, 452, 104" u="1" o="1" />
	<c c="׀" r="453, 90, 454, 104" u="1" o="1" />
	<c c="ׁ" r="455, 90, 456, 104" u="4" o="-1" />
	<c c="ׂ" r="457, 90, 458, 104" u="-1" o="4" />
	<c c="׃" r="459, 90, 460, 104" u="1" o="1" />
	<c c="א" r="461, 90, 465, 104" u="1" o="1" />
	<c c="ב" r="466, 90, 470, 104" u="1" o="1" />
	<c c="ג" r="471, 90, 474, 104" u="1" o="1" />
	<c c="ד" r="475, 90, 479, 104" u="1" o="1" />
	<c c="ה" r="480, 90, 485, 104" u="1" o="1" />
	<c c="ו" r="486, 90, 487, 104" u="1" o="1" />
	<c c="ז" r="488, 90, 491, 104" />
	<c c="ח" r="492, 90, 497, 104" u="1" o="1" />
	<c c="ט" r="498, 90, 503, 104" u="1" o="1" />
	<c c="י" r="504, 90, 505, 104" u="1" o="1" />
	<c c="ך" r="506, 90, 511, 104" o="1" />
	<c c="כ" r="0, 105, 4, 119" o="1" />
	<c c="ל" r="5, 105, 9, 119" o="1" />
	<c c="ם" r="10, 105, 15, 119" u="1" o="1" />
	<c c="מ" r="16, 105, 22, 119" o="1" />
	<c c="ן" r="23, 105, 24, 119" u="1" o="1" />
	<c c="נ" r="25, 105, 28, 119" u="1" o="1" />
	<c c="ס" r="29, 105, 34, 119" u="1" o="1" />
	<c c="ע" r="35, 105, 40, 119" o="1" />
	<c c="ף" r="41, 105, 45, 119" u="1" o="1" />
	<c c="פ" r="46, 105, 50, 119" u="1" o="1" />
	<c c="ץ" r="51, 105, 55, 119" u="1" o="1" />
	<c c="צ" r="56, 105, 60, 119" u="1" o="1" />
	<c c="ק" r="61, 105, 65, 119" u="1" o="1" />
	<c c="ר" r="66, 105, 70, 119" u="1" o="1" />
	<c c="ש" r="71, 105, 78, 119" u="1" o="1" />
	<c c="ת" r="79, 105, 84, 119" u="1" o="1" />
	<c c="װ" r="85, 105, 89, 119" u="1" o="1" />
	<c c="ױ" r="90, 105, 94, 119" u="1" o="1" />
	<c c="ײ" r="95, 105, 99, 119" u="1" o="1" />
	<c c="׳" r="100, 105, 102, 119" o="1" />
	<c c="״" r="103, 105, 107, 119" o="1" />
	<c c="،" r="108, 105, 110, 119" u="1" o="1" />
	<c c="؛" r="111, 105, 113, 119" u="1" o="1" />
	<c c="؟" r="114, 105, 117, 119" o="1" />
	<c c="ء" r="118, 105, 121, 119" u="1" o="1" />
	<c c="آ" r="122, 105, 124, 119" />
	<c c="أ" r="125, 105, 127, 119" />
	<c c="ؤ" r="128, 105, 134, 119" u="-1" />
	<c c="إ" r="135, 105, 137, 119" />
	<c c="ئ" r="138, 105, 144, 119" o="1" />
	<c c="ا" r="145, 105, 147, 119" />
	<c c="ب" r="148, 105, 156, 119" />
	<c c="ة" r="157, 105, 160, 119" />
	<c c="ت" r="161, 105, 169, 119" />
	<c c="ث" r="170, 105, 178, 119" />
	<c c="ج" r="179, 105, 184, 119" o="1" />
	<c c="ح" r="185, 105, 190, 119" o="1" />
	<c c="خ" r="191, 105, 196, 119" o="1" />
	<c c="د" r="197, 105, 200, 119" u="1" />
	<c c="ذ" r="201, 105, 204, 119" u="1" />
	<c c="ر" r="205, 105, 210, 119" />
	<c c="ز" r="211, 105, 216, 119" />
	<c c="س" r="217, 105, 226, 119" />
	<c c="ش" r="227, 105, 236, 119" />
	<c c="ص" r="237, 105, 249, 119" />
	<c c="ض" r="250, 105, 262, 119" />
	<c c="ط" r="263, 105, 269, 119" />
	<c c="ظ" r="270, 105, 276, 119" />
	<c c="ع" r="277, 105, 283, 119" />
	<c c="غ" r="284, 105, 290, 119" />
	<c c="ـ" r="291, 105, 293, 119" />
	<c c="ف" r="294, 105, 303, 119" />
	<c c="ق" r="304, 105, 310, 119" />
	<c c="ك" r="311, 105, 318, 119" />
	<c c="ل" r="319, 105, 325, 119" />
	<c c="م" r="326, 105, 330, 119" />
	<c c="ن" r="331, 105, 337, 119" />
	<c c="ه" r="338, 105, 341, 119" />
	<c c="و" r="342, 105, 348, 119" u="-1" />
	<c c="ى" r="349, 105, 355, 119" o="1" />
	<c c="ي" r="356, 105, 362, 119" o="1" />
	<c c="ً" r="363, 105, 365, 119" />
	<c c="ٌ" r="366, 105, 371, 119" u="-1" o="-1" />
	<c c="ٍ" r="372, 105, 374, 119" />
	<c c="َ" r="375, 105, 377, 119" />
	<c c="ُ" r="378, 105, 381, 119" u="-1" />
	<c c="ِ" r="382, 105, 384, 119" />
	<c c="ّ" r="385, 105, 390, 119" u="-1" o="-2" />
	<c c="ْ" r="391, 105, 394, 119" o="-1" />
	<c c="ٓ" r="395, 105, 397, 119" />
	<c c="ٔ" r="398, 105, 400, 119" />
	<c c="ٕ" r="401, 105, 403, 119" />
	<c c="٠" r="404, 105, 406, 119" u="2" o="2" />
	<c c="١" r="407, 105, 409, 119" u="2" o="2" />
	<c c="٢" r="410, 105, 413, 119" u="2" o="1" />
	<c c="٣" r="414, 105, 419, 119" o="1" />
	<c c="٤" r="420, 105, 423, 119" u="2" o="1" />
	<c c="٥" r="424, 105, 429, 119" u="1" />
	<c c="٦" r="430, 105, 434, 119" u="1" o="1" />
	<c c="٧" r="435, 105, 440, 119" o="1" />
	<c c="٨" r="441, 105, 446, 119" o="1" />
	<c c="٩" r="447, 105, 452, 119" o="1" />
	<c c="٪" r="453, 105, 457, 119" u="1" o="1" />
	<c c="٫" r="458, 105, 459, 119" u="1" o="2" />
	<c c="٬" r="460, 105, 462, 119" u="1" o="1" />
	<c c="٭" r="463, 105, 468, 119" u="1" />
	<c c="ٮ" r="469, 105, 477, 119" />
	<c c="ٯ" r="478, 105, 484, 119" />
	<c c="ٰ" r="485, 105, 486, 119" u="-1" />
	<c c="ٱ" r="487, 105, 490, 119" o="-1" />
	<c c="ٲ" r="491, 105, 494, 119" o="-1" />
	<c c="ٳ" r="495, 105, 498, 119" o="-1" />
	<c c="ٴ" r="499, 105, 501, 119" />
	<c c="ٵ" r="502, 105, 506, 119" u="-1" o="-1" />
	<c c="ٶ" r="0, 120, 7, 134" u="-1" o="-1" />
	<c c="ٷ" r="8, 120, 15, 134" u="-1" o="-1" />
	<c c="ٸ" r="16, 120, 23, 134" />
	<c c="ٹ" r="24, 120, 32, 134" />
	<c c="ٺ" r="33, 120, 41, 134" />
	<c c="ٻ" r="42, 120, 50, 134" />
	<c c="ټ" r="51, 120, 59, 134" />
	<c c="ٽ" r="60, 120, 68, 134" />
	<c c="پ" r="69, 120, 77, 134" />
	<c c="ٿ" r="78, 120, 86, 134" />
	<c c="ڀ" r="87, 120, 95, 134" />
	<c c="ځ" r="96, 120, 101, 134" o="1" />
	<c c="ڂ" r="102, 120, 107, 134" o="1" />
	<c c="ڃ" r="108, 120, 113, 134" o="1" />
	<c c="ڄ" r="114, 120, 119, 134" o="1" />
	<c c="څ" r="120, 120, 125, 134" o="1" />
	<c c="چ" r="126, 120, 131, 134" o="1" />
	<c c="ڇ" r="132, 120, 137, 134" o="1" />
	<c c="ڈ" r="138, 120, 141, 134" u="1" />
	<c c="ډ" r="142, 120, 145, 134" u="1" />
	<c c="ڊ" r="146, 120, 149, 134" u="1" />
	<c c="ڋ" r="150, 120, 153, 134" u="1" />
	<c c="ڌ" r="154, 120, 157, 134" u="1" />
	<c c="ڍ" r="158, 120, 161, 134" u="1" />
	<c c="ڎ" r="162, 120, 165, 134" u="1" />
	<c c="ڏ" r="166, 120, 169, 134" u="1" />
	<c c="ڐ" r="170, 120, 173, 134" u="1" />
	<c c="ڑ" r="174, 120, 179, 134" />
	<c c="ڒ" r="180, 120, 185, 134" />
	<c c="ړ" r="186, 120, 192, 134" o="-1" />
	<c c="ڔ" r="193, 120, 198, 134" />
	<c c="ڕ" r="199, 120, 204, 134" />
	<c c="ږ" r="205, 120, 210, 134" />
	<c c="ڗ" r="211, 120, 216, 134" />
	<c c="ژ" r="217, 120, 222, 134" />
	<c c="ڙ" r="223, 120, 228, 134" />
	<c c="ښ" r="229, 120, 238, 134" />
	<c c="ڛ" r="239, 120, 248, 134" />
	<c c="ڜ" r="249, 120, 258, 134" />
	<c c="ڝ" r="259, 120, 271, 134" />
	<c c="ڞ" r="272, 120, 284, 134" />
	<c c="ڟ" r="285, 120, 291, 134" />
	<c c="ڠ" r="292, 120, 298, 134" />
	<c c="ڡ" r="299, 120, 308, 134" />
	<c c="ڢ" r="309, 120, 318, 134" />
	<c c="ڣ" r="319, 120, 328, 134" />
	<c c="ڤ" r="329, 120, 338, 134" />
	<c c="ڥ" r="339, 120, 348, 134" />
	<c c="ڦ" r="349, 120, 358, 134" />
	<c c="ڧ" r="359, 120, 365, 134" />
	<c c="ڨ" r="366, 120, 372, 134" />
	<c c="ک" r="373, 120, 382, 134" />
	<c c="ڪ" r="383, 120, 392, 134" />
	<c c="ګ" r="393, 120, 402, 134" />
	<c c="ڬ" r="403, 120, 410, 134" />
	<c c="ڭ" r="411, 120, 418, 134" />
	<c c="ڮ" r="419, 120, 426, 134" />
	<c c="گ" r="427, 120, 436, 134" />
	<c c="ڰ" r="437, 120, 446, 134" />
	<c c="ڱ" r="447, 120, 456, 134" />
	<c c="ڲ" r="457, 120, 466, 134" />
	<c c="ڳ" r="467, 120, 476, 134" />
	<c c="ڴ" r="477, 120, 486, 134" />
	<c c="ڵ" r="487, 120, 493, 134" />
	<c c="ڶ" r="494, 120, 500, 134" />
	<c c="ڷ" r="501, 120, 507, 134" />
	<c c="ڸ" r="0, 135, 6, 149" />
	<c c="ڹ" r="7, 135, 13, 149" />
	<c c="ں" r="14, 135, 20, 149" />
	<c c="ڻ" r="21, 135, 27, 149" />
	<c c="ڼ" r="28, 135, 34, 149" />
	<c c="ڽ" r="35, 135, 41, 149" />
	<c c="ھ" r="42, 135, 46, 149" o="1" />
	<c c="ڿ" r="47, 135, 52, 149" o="1" />
	<c c="ۀ" r="53, 135, 56, 149" />
	<c c="ہ" r="57, 135, 61, 149" />
	<c c="ۂ" r="62, 135, 66, 149" />
	<c c="ۃ" r="67, 135, 71, 149" />
	<c c="ۄ" r="72, 135, 78, 149" u="-1" />
	<c c="ۅ" r="79, 135, 84, 149" />
	<c c="ۆ" r="85, 135, 91, 149" u="-1" />
	<c c="ۇ" r="92, 135, 98, 149" u="-1" />
	<c c="ۈ" r="99, 135, 105, 149" u="-1" />
	<c c="ۉ" r="106, 135, 112, 149" u="-1" />
	<c c="ۊ" r="113, 135, 119, 149" u="-1" />
	<c c="ۋ" r="120, 135, 126, 149" u="-1" />
	<c c="ی" r="127, 135, 133, 149" o="1" />
	<c c="ۍ" r="134, 135, 141, 149" u="-1" o="1" />
	<c c="ێ" r="142, 135, 148, 149" o="1" />
	<c c="ۏ" r="149, 135, 155, 149" u="-1" />
	<c c="ې" r="156, 135, 162, 149" o="1" />
	<c c="ۑ" r="163, 135, 169, 149" o="1" />
	<c c="ے" r="170, 135, 179, 149" />
	<c c="ۓ" r="180, 135, 189, 149" />
	<c c="۔" r="190, 135, 191, 149" o="1" />
	<c c="ە" r="192, 135, 195, 149" />
	<c c="ۖ" r="196, 135, 202, 149" u="-3" o="-3" />
	<c c="ۗ" r="203, 135, 208, 149" u="-2" o="-3" />
	<c c="ۘ" r="209, 135, 211, 149" u="-1" o="-1" />
	<c c="ۙ" r="212, 135, 214, 149" u="-1" o="-1" />
	<c c="ۚ" r="215, 135, 217, 149" u="-1" o="-1" />
	<c c="ۛ" r="218, 135, 220, 149" u="-1" o="-1" />
	<c c="ۜ" r="221, 135, 226, 149" u="-2" o="-3" />
	<c c="۝" r="227, 135, 239, 149" />
	<c c="۞" r="240, 135, 252, 149" />
	<c c="ۡ" r="253, 135, 256, 149" u="-1" o="-2" />
	<c c="ۢ" r="257, 135, 259, 149" u="-1" o="-1" />
	<c c="ۣ" r="260, 135, 265, 149" u="-2" o="-3" />
	<c c="ۤ" r="266, 135, 267, 149" u="-1" />
	<c c="ۥ" r="268, 135, 270, 149" />
	<c c="ۦ" r="271, 135, 275, 149" />
	<c c="ۧ" r="276, 135, 280, 149" u="-2" o="-2" />
	<c c="ۨ" r="281, 135, 284, 149" u="-1" o="-2" />
	<c c="۩" r="285, 135, 294, 149" u="-1" o="-1" />
	<c c="۪" r="295, 135, 297, 149" u="-1" o="-1" />
	<c c="۫" r="298, 135, 300, 149" u="-1" o="-1" />
	<c c="ۭ" r="301, 135, 303, 149" u="-1" o="-1" />
	<c c="۰" r="304, 135, 306, 149" u="2" o="2" />
	<c c="۱" r="307, 135, 309, 149" u="2" o="2" />
	<c c="۲" r="310, 135, 313, 149" u="2" o="1" />
	<c c="۳" r="314, 135, 319, 149" o="1" />
	<c c="۴" r="320, 135, 324, 149" u="1" o="1" />
	<c c="۵" r="325, 135, 329, 149" u="1" o="1" />
	<c c="۶" r="330, 135, 335, 149" u="1" />
	<c c="۷" r="336, 135, 341, 149" o="1" />
	<c c="۸" r="342, 135, 347, 149" o="1" />
	<c c="۹" r="348, 135, 353, 149" o="1" />
	<c c="ۺ" r="354, 135, 363, 149" />
	<c c="ۻ" r="364, 135, 376, 149" />
	<c c="ۼ" r="377, 135, 383, 149" />
	<c c="۽" r="384, 135, 387, 149" u="1" o="1" />
	<c c="۾" r="388, 135, 392, 149" />
	<c c="Ẁ" r="393, 135, 404, 149" u="-1" />
	<c c="ẁ" r="405, 135, 414, 149" o="1" />
	<c c="Ẃ" r="415, 135, 426, 149" u="-1" />
	<c c="ẃ" r="427, 135, 436, 149" o="1" />
	<c c="Ẅ" r="437, 135, 448, 149" u="-1" />
	<c c="ẅ" r="449, 135, 458, 149" o="1" />
	<c c="Ạ" r="459, 135, 466, 149" o="1" />
	<c c="ạ" r="467, 135, 472, 149" o="1" />
	<c c="Ả" r="473, 135, 480, 149" o="1" />
	<c c="ả" r="481, 135, 486, 149" o="1" />
	<c c="Ấ" r="487, 135, 494, 149" o="1" />
	<c c="ấ" r="495, 135, 500, 149" o="1" />
	<c c="Ầ" r="501, 135, 508, 149" o="1" />
	<c c="ầ" r="0, 150, 5, 164" o="1" />
	<c c="Ẩ" r="6, 150, 13, 164" o="1" />
	<c c="ẩ" r="14, 150, 19, 164" o="1" />
	<c c="Ẫ" r="20, 150, 27, 164" o="1" />
	<c c="ẫ" r="28, 150, 33, 164" o="1" />
	<c c="Ậ" r="34, 150, 41, 164" o="1" />
	<c c="ậ" r="42, 150, 47, 164" o="1" />
	<c c="Ắ" r="48, 150, 55, 164" o="1" />
	<c c="ắ" r="56, 150, 61, 164" o="1" />
	<c c="Ằ" r="62, 150, 69, 164" o="1" />
	<c c="ằ" r="70, 150, 75, 164" o="1" />
	<c c="Ẳ" r="76, 150, 83, 164" o="1" />
	<c c="ẳ" r="84, 150, 89, 164" o="1" />
	<c c="Ẵ" r="90, 150, 97, 164" o="1" />
	<c c="ẵ" r="98, 150, 103, 164" o="1" />
	<c c="Ặ" r="104, 150, 111, 164" o="1" />
	<c c="ặ" r="112, 150, 117, 164" o="1" />
	<c c="Ẹ" r="118, 150, 123, 164" o="1" />
	<c c="ẹ" r="124, 150, 129, 164" o="1" />
	<c c="Ẻ" r="130, 150, 135, 164" o="1" />
	<c c="ẻ" r="136, 150, 141, 164" o="1" />
	<c c="Ẽ" r="142, 150, 147, 164" o="1" />
	<c c="ẽ" r="148, 150, 153, 164" o="1" />
	<c c="Ế" r="154, 150, 159, 164" o="1" />
	<c c="ế" r="160, 150, 165, 164" o="1" />
	<c c="Ề" r="166, 150, 171, 164" o="1" />
	<c c="ề" r="172, 150, 177, 164" o="1" />
	<c c="Ể" r="178, 150, 183, 164" o="1" />
	<c c="ể" r="184, 150, 189, 164" o="1" />
	<c c="Ễ" r="190, 150, 195, 164" o="1" />
	<c c="ễ" r="196, 150, 201, 164" o="1" />
	<c c="Ệ" r="202, 150, 207, 164" o="1" />
	<c c="ệ" r="208, 150, 213, 164" o="1" />
	<c c="Ỉ" r="214, 150, 217, 164" u="-1" />
	<c c="ỉ" r="218, 150, 221, 164" u="-1" />
	<c c="Ị" r="222, 150, 223, 164" o="1" />
	<c c="ị" r="224, 150, 225, 164" o="1" />
	<c c="Ọ" r="226, 150, 233, 164" o="1" />
	<c c="ọ" r="234, 150, 239, 164" o="1" />
	<c c="Ỏ" r="240, 150, 247, 164" o="1" />
	<c c="ỏ" r="248, 150, 253, 164" o="1" />
	<c c="Ố" r="254, 150, 261, 164" o="1" />
	<c c="ố" r="262, 150, 267, 164" o="1" />
	<c c="Ồ" r="268, 150, 275, 164" o="1" />
	<c c="ồ" r="276, 150, 281, 164" o="1" />
	<c c="Ổ" r="282, 150, 289, 164" o="1" />
	<c c="ổ" r="290, 150, 295, 164" o="1" />
	<c c="Ỗ" r="296, 150, 303, 164" o="1" />
	<c c="ỗ" r="304, 150, 309, 164" o="1" />
	<c c="Ộ" r="310, 150, 317, 164" o="1" />
	<c c="ộ" r="318, 150, 323, 164" o="1" />
	<c c="Ớ" r="324, 150, 332, 164" o="1" />
	<c c="ớ" r="333, 150, 339, 164" o="1" />
	<c c="Ờ" r="340, 150, 348, 164" o="1" />
	<c c="ờ" r="349, 150, 355, 164" o="1" />
	<c c="Ở" r="356, 150, 364, 164" o="1" />
	<c c="ở" r="365, 150, 371, 164" o="1" />
	<c c="Ỡ" r="372, 150, 380, 164" o="1" />
	<c c="ỡ" r="381, 150, 387, 164" o="1" />
	<c c="Ợ" r="388, 150, 396, 164" o="1" />
	<c c="ợ" r="397, 150, 403, 164" o="1" />
	<c c="Ụ" r="404, 150, 410, 164" o="1" />
	<c c="ụ" r="411, 150, 416, 164" o="1" />
	<c c="Ủ" r="417, 150, 423, 164" o="1" />
	<c c="ủ" r="424, 150, 429, 164" o="1" />
	<c c="Ứ" r="430, 150, 438, 164" u="1" />
	<c c="ứ" r="439, 150, 446, 164" />
	<c c="Ừ" r="447, 150, 455, 164" u="1" />
	<c c="ừ" r="456, 150, 463, 164" />
	<c c="Ử" r="464, 150, 472, 164" u="1" />
	<c c="ử" r="473, 150, 480, 164" />
	<c c="Ữ" r="481, 150, 489, 164" u="1" />
	<c c="ữ" r="490, 150, 497, 164" />
	<c c="Ự" r="498, 150, 506, 164" u="1" />
	<c c="ự" r="0, 165, 7, 179" />
	<c c="Ỳ" r="8, 165, 15, 179" o="1" />
	<c c="ỳ" r="16, 165, 21, 179" o="1" />
	<c c="Ỵ" r="22, 165, 29, 179" o="1" />
	<c c="ỵ" r="30, 165, 35, 179" o="1" />
	<c c="Ỷ" r="36, 165, 43, 179" o="1" />
	<c c="ỷ" r="44, 165, 49, 179" o="1" />
	<c c="Ỹ" r="50, 165, 57, 179" o="1" />
	<c c="ỹ" r="58, 165, 63, 179" o="1" />
	<c c="‍" r="64, 165, 67, 179" u="-1" o="-2" />
	<c c="‏" r="68, 165, 72, 179" u="-3" o="-1" />
	<c c="–" r="73, 165, 80, 179" u="-1" />
	<c c="—" r="81, 165, 93, 179" u="-1" />
	<c c="―" r="94, 165, 105, 179" />
	<c c="‗" r="106, 165, 112, 179" />
	<c c="‘" r="113, 165, 114, 179" o="1" />
	<c c="’" r="115, 165, 116, 179" o="1" />
	<c c="‚" r="117, 165, 118, 179" o="1" />
	<c c="‛" r="119, 165, 120, 179" o="1" />
	<c c="“" r="121, 165, 124, 179" o="1" />
	<c c="”" r="125, 165, 128, 179" o="1" />
	<c c="„" r="129, 165, 132, 179" o="1" />
	<c c="†" r="133, 165, 138, 179" o="1" />
	<c c="‡" r="139, 165, 144, 179" o="1" />
	<c c="•" r="145, 165, 148, 179" o="1" />
	<c c="…" r="149, 165, 156, 179" u="1" o="3" />
	<c c="‫" r="157, 165, 160, 179" u="-2" o="-1" />
	<c c="‬" r="161, 165, 164, 179" u="-1" o="-2" />
	<c c="‭" r="165, 165, 168, 179" u="-1" o="-2" />
	<c c="‮" r="169, 165, 172, 179" u="-1" o="-2" />
	<c c="‰" r="173, 165, 184, 179" />
	<c c="′" r="185, 165, 186, 179" u="2" o="-1" />
	<c c="″" r="187, 165, 190, 179" o="1" />
	<c c="‹" r="191, 165, 194, 179" o="1" />
	<c c="›" r="195, 165, 198, 179" o="1" />
	<c c="‼" r="199, 165, 202, 179" o="3" />
	<c c="‾" r="203, 165, 207, 179" />
	<c c="⁄" r="208, 165, 216, 179" u="-3" o="-3" />
	<c c="⁪" r="217, 165, 220, 179" u="-1" o="-2" />
	<c c="⁫" r="221, 165, 224, 179" u="-1" o="-2" />
	<c c="⁬" r="225, 165, 228, 179" u="-1" o="-2" />
	<c c="⁭" r="229, 165, 232, 179" u="-1" o="-2" />
	<c c="⁮" r="233, 165, 236, 179" u="-1" o="-2" />
	<c c="⁯" r="237, 165, 240, 179" u="-1" o="-2" />
	<c c="ⁿ" r="241, 165, 244, 179" o="1" />
	<c c="₣" r="245, 165, 250, 179" o="1" />
	<c c="₤" r="251, 165, 256, 179" o="1" />
	<c c="₧" r="257, 165, 269, 179" />
	<c c="₪" r="270, 165, 277, 179" u="1" o="1" />
	<c c="₫" r="278, 165, 282, 179" u="1" o="1" />
	<c c="€" r="283, 165, 289, 179" />
	<c c="℅" r="290, 165, 299, 179" o="1" />
	<c c="ℓ" r="300, 165, 304, 179" u="-1" o="1" />
	<c c="№" r="305, 165, 316, 179" u="1" o="1" />
	<c c="™" r="317, 165, 326, 179" o="2" />
	<c c="Ω" r="327, 165, 334, 179" o="1" />
	<c c="℮" r="335, 165, 340, 179" o="1" />
	<c c="⅓" r="341, 165, 349, 179" u="1" />
	<c c="⅔" r="350, 165, 359, 179" />
	<c c="⅛" r="360, 165, 368, 179" u="1" o="1" />
	<c c="⅜" r="369, 165, 378, 179" o="1" />
	<c c="⅝" r="379, 165, 387, 179" u="1" o="1" />
	<c c="⅞" r="388, 165, 396, 179" u="1" o="1" />
	<c c="←" r="397, 165, 408, 179" />
	<c c="↑" r="409, 165, 413, 179" u="1" o="1" />
	<c c="→" r="414, 165, 425, 179" />
	<c c="↓" r="426, 165, 430, 179" u="1" o="1" />
	<c c="↔" r="431, 165, 442, 179" />
	<c c="↕" r="443, 165, 447, 179" u="1" o="1" />
	<c c="↨" r="448, 165, 452, 179" u="1" o="1" />
	<c c="∂" r="453, 165, 458, 179" o="1" />
	<c c="∆" r="459, 165, 466, 179" u="-1" />
	<c c="∏" r="467, 165, 474, 179" u="1" o="1" />
	<c c="∑" r="475, 165, 481, 179" o="1" />
	<c c="−" r="482, 165, 487, 179" o="1" />
	<c c="∕" r="488, 165, 496, 179" u="-3" o="-3" />
	<c c="∙" r="497, 165, 498, 179" o="2" />
	<c c="√" r="499, 165, 505, 179" o="1" />
	<c c="∞" r="506, 165, 512, 179" u="1" o="1" />
	<c c="∟" r="0, 180, 7, 194" u="2" o="2" />
	<c c="∩" r="8, 180, 14, 194" u="1" o="1" />
	<c c="∫" r="15, 180, 18, 194" />
	<c c="≈" r="19, 180, 25, 194" o="1" />
	<c c="≠" r="26, 180, 32, 194" />
	<c c="≡" r="33, 180, 38, 194" o="1" />
	<c c="≤" r="39, 180, 44, 194" o="1" />
	<c c="≥" r="45, 180, 50, 194" o="1" />
	<c c="⌂" r="51, 180, 56, 194" u="1" o="1" />
	<c c="⌐" r="57, 180, 62, 194" o="1" />
	<c c="⌠" r="63, 180, 65, 194" u="3" o="2" />
	<c c="⌡" r="66, 180, 69, 194" u="1" o="3" />
	<c c="─" r="70, 180, 78, 194" />
	<c c="│" r="79, 180, 80, 194" u="2" o="4" />
	<c c="┌" r="81, 180, 86, 194" u="3" />
	<c c="┐" r="87, 180, 91, 194" o="4" />
	<c c="└" r="92, 180, 97, 194" u="3" />
	<c c="┘" r="98, 180, 102, 194" o="4" />
	<c c="├" r="103, 180, 108, 194" u="3" />
	<c c="┤" r="109, 180, 113, 194" o="4" />
	<c c="┬" r="114, 180, 122, 194" />
	<c c="┴" r="123, 180, 131, 194" />
	<c c="┼" r="132, 180, 140, 194" />
	<c c="═" r="141, 180, 149, 194" />
	<c c="║" r="150, 180, 153, 194" u="2" o="3" />
	<c c="╒" r="154, 180, 159, 194" u="3" />
	<c c="╓" r="160, 180, 166, 194" u="2" />
	<c c="╔" r="167, 180, 173, 194" u="2" />
	<c c="╕" r="174, 180, 178, 194" o="4" />
	<c c="╖" r="179, 180, 184, 194" o="3" />
	<c c="╗" r="185, 180, 190, 194" o="3" />
	<c c="╘" r="191, 180, 196, 194" u="3" />
	<c c="╙" r="197, 180, 203, 194" u="2" />
	<c c="╚" r="204, 180, 210, 194" u="2" />
	<c c="╛" r="211, 180, 215, 194" o="4" />
	<c c="╜" r="216, 180, 221, 194" o="3" />
	<c c="╝" r="222, 180, 227, 194" o="3" />
	<c c="╞" r="228, 180, 233, 194" u="3" />
	<c c="╟" r="234, 180, 240, 194" u="2" />
	<c c="╠" r="241, 180, 247, 194" u="2" />
	<c c="╡" r="248, 180, 252, 194" o="4" />
	<c c="╢" r="253, 180, 258, 194" o="3" />
	<c c="╣" r="259, 180, 264, 194" o="3" />
	<c c="╤" r="265, 180, 273, 194" />
	<c c="╥" r="274, 180, 282, 194" />
	<c c="╦" r="283, 180, 291, 194" />
	<c c="╧" r="292, 180, 300, 194" />
	<c c="╨" r="301, 180, 309, 194" />
	<c c="╩" r="310, 180, 318, 194" />
	<c c="╪" r="319, 180, 327, 194" />
	<c c="╫" r="328, 180, 336, 194" />
	<c c="╬" r="337, 180, 345, 194" />
	<c c="▀" r="346, 180, 354, 194" />
	<c c="▄" r="355, 180, 363, 194" />
	<c c="█" r="364, 180, 372, 194" />
	<c c="▌" r="373, 180, 377, 194" o="4" />
	<c c="░" r="378, 180, 385, 194" u="1" />
	<c c="▒" r="386, 180, 394, 194" />
	<c c="▓" r="395, 180, 403, 194" />
	<c c="■" r="404, 180, 409, 194" u="1" o="1" />
	<c c="□" r="410, 180, 415, 194" u="1" o="1" />
	<c c="▪" r="416, 180, 418, 194" u="1" o="1" />
	<c c="▫" r="419, 180, 421, 194" u="1" o="1" />
	<c c="▬" r="422, 180, 433, 194" />
	<c c="▲" r="434, 180, 441, 194" u="2" o="2" />
	<c c="►" r="442, 180, 449, 194" u="2" o="2" />
	<c c="▼" r="450, 180, 457, 194" u="2" o="2" />
	<c c="◄" r="458, 180, 465, 194" u="2" o="2" />
	<c c="◊" r="466, 180, 471, 194" />
	<c c="○" r="472, 180, 477, 194" u="1" o="1" />
	<c c="●" r="478, 180, 483, 194" u="1" o="1" />
	<c c="◘" r="484, 180, 489, 194" u="1" o="1" />
	<c c="◙" r="490, 180, 496, 194" o="1" />
	<c c="◦" r="497, 180, 499, 194" u="1" o="1" />
	<c c="☺" r="500, 180, 507, 194" u="2" o="2" />
	<c c="☻" r="0, 195, 7, 209" u="2" o="3" />
	<c c="☼" r="8, 195, 18, 209" />
	<c c="♀" r="19, 195, 25, 209" u="1" o="1" />
	<c c="♂" r="26, 195, 33, 209" u="1" />
	<c c="♠" r="34, 195, 40, 209" />
	<c c="♣" r="41, 195, 48, 209" />
	<c c="♥" r="49, 195, 55, 209" o="1" />
	<c c="♦" r="56, 195, 61, 209" o="1" />
	<c c="♪" r="62, 195, 67, 209" o="1" />
	<c c="♫" r="68, 195, 75, 209" o="1" />
	<c c="" r="76, 195, 78, 209" o="1" />
	<c c="" r="79, 195, 84, 209" o="1" />
	<c c="" r="85, 195, 90, 209" o="1" />
	<c c="" r="91, 195, 96, 209" u="-1" o="1" />
	<c c="" r="97, 195, 102, 209" u="-1" o="1" />
	<c c="" r="103, 195, 108, 209" u="-1" o="-2" />
	<c c="" r="109, 195, 116, 209" />
	<c c="" r="117, 195, 122, 209" o="1" />
	<c c="" r="123, 195, 128, 209" o="1" />
	<c c="" r="129, 195, 130, 209" u="1" o="2" />
	<c c="" r="131, 195, 134, 209" o="1" />
	<c c="" r="135, 195, 137, 209" u="-2" />
	<c c="" r="138, 195, 140, 209" u="-4" o="2" />
	<c c="" r="141, 195, 143, 209" u="-2" />
	<c c="" r="144, 195, 146, 209" u="-3" o="1" />
	<c c="" r="147, 195, 150, 209" u="-1" o="-2" />
	<c c="" r="151, 195, 153, 209" u="-1" o="-1" />
	<c c="" r="154, 195, 156, 209" u="-5" o="3" />
	<c c="" r="157, 195, 160, 209" u="-3" />
	<c c="" r="161, 195, 164, 209" u="-5" o="2" />
	<c c="" r="165, 195, 168, 209" u="-4" o="1" />
	<c c="" r="169, 195, 172, 209" u="-5" o="2" />
	<c c="" r="173, 195, 176, 209" u="-5" o="2" />
	<c c="" r="177, 195, 182, 209" u="-6" o="1" />
	<c c="" r="183, 195, 187, 209" u="-6" o="2" />
	<c c="" r="188, 195, 192, 209" u="-7" o="3" />
	<c c="" r="193, 195, 197, 209" u="-8" o="4" />
	<c c="" r="198, 195, 202, 209" u="-5" o="1" />
	<c c="" r="203, 195, 207, 209" u="-6" o="2" />
	<c c="" r="208, 195, 212, 209" u="-7" o="3" />
	<c c="" r="213, 195, 217, 209" u="-4" />
	<c c="" r="218, 195, 222, 209" u="-3" o="-1" />
	<c c="" r="223, 195, 224, 209" u="-4" o="3" />
	<c c="" r="225, 195, 226, 209" u="-4" o="3" />
	<c c="" r="227, 195, 228, 209" u="-5" o="4" />
	<c c="" r="229, 195, 230, 209" u="-4" o="3" />
	<c c="" r="231, 195, 232, 209" u="-6" o="5" />
	<c c="" r="233, 195, 234, 209" u="-3" o="2" />
	<c c="" r="235, 195, 236, 209" u="-3" o="2" />
	<c c="" r="237, 195, 238, 209" u="-3" o="2" />
	<c c="" r="239, 195, 240, 209" u="-4" o="3" />
	<c c="" r="241, 195, 242, 209" u="-4" o="3" />
	<c c="" r="243, 195, 244, 209" u="-5" o="4" />
	<c c="" r="245, 195, 246, 209" u="-2" o="1" />
	<c c="" r="247, 195, 248, 209" u="-1" />
	<c c="" r="249, 195, 250, 209" u="-4" o="3" />
	<c c="" r="251, 195, 252, 209" u="-1" />
	<c c="" r="253, 195, 258, 209" u="-6" o="1" />
	<c c="" r="259, 195, 263, 209" u="-6" o="2" />
	<c c="" r="264, 195, 269, 209" u="-7" o="2" />
	<c c="" r="270, 195, 274, 209" u="-6" o="2" />
	<c c="" r="275, 195, 276, 209" o="1" />
	<c c="ﬁ" r="277, 195, 282, 209" o="1" />
	<c c="ﬂ" r="283, 195, 288, 209" o="1" />
	<c c="יִ" r="289, 195, 290, 209" u="1" o="1" />
	<c c="ﬞ" r="291, 195, 295, 209" u="-2" o="-2" />
	<c c="ײַ" r="296, 195, 300, 209" u="1" o="1" />
	<c c="ﬠ" r="301, 195, 306, 209" u="1" o="1" />
	<c c="שׁ" r="307, 195, 314, 209" u="1" o="1" />
	<c c="שׂ" r="315, 195, 322, 209" u="1" o="1" />
	<c c="שּׁ" r="323, 195, 330, 209" u="1" o="1" />
	<c c="שּׂ" r="331, 195, 338, 209" u="1" o="1" />
	<c c="אַ" r="339, 195, 343, 209" u="1" o="1" />
	<c c="אָ" r="344, 195, 348, 209" u="1" o="1" />
	<c c="אּ" r="349, 195, 353, 209" u="1" o="1" />
	<c c="בּ" r="354, 195, 358, 209" u="1" o="1" />
	<c c="גּ" r="359, 195, 362, 209" u="1" o="1" />
	<c c="דּ" r="363, 195, 367, 209" u="1" o="1" />
	<c c="הּ" r="368, 195, 373, 209" u="1" o="1" />
	<c c="וּ" r="374, 195, 376, 209" o="1" />
	<c c="זּ" r="377, 195, 381, 209" o="1" />
	<c c="טּ" r="382, 195, 387, 209" u="1" o="1" />
	<c c="יּ" r="388, 195, 390, 209" o="1" />
	<c c="ךּ" r="391, 195, 396, 209" o="1" />
	<c c="כּ" r="397, 195, 401, 209" o="1" />
	<c c="לּ" r="402, 195, 406, 209" o="1" />
	<c c="מּ" r="407, 195, 413, 209" o="1" />
	<c c="נּ" r="414, 195, 417, 209" u="1" o="1" />
	<c c="סּ" r="418, 195, 423, 209" u="1" o="1" />
	<c c="ףּ" r="424, 195, 429, 209" u="1" />
	<c c="פּ" r="430, 195, 434, 209" u="1" o="1" />
	<c c="צּ" r="435, 195, 439, 209" u="1" o="1" />
	<c c="קּ" r="440, 195, 444, 209" u="1" o="1" />
	<c c="רּ" r="445, 195, 449, 209" u="1" o="1" />
	<c c="שּ" r="450, 195, 457, 209" u="1" o="1" />
	<c c="תּ" r="458, 195, 463, 209" u="1" o="1" />
	<c c="וֹ" r="464, 195, 465, 209" u="1" o="1" />
	<c c="בֿ" r="466, 195, 470, 209" u="1" o="1" />
	<c c="כֿ" r="471, 195, 475, 209" o="1" />
	<c c="פֿ" r="476, 195, 480, 209" u="1" o="1" />
	<c c="ﭏ" r="481, 195, 485, 209" u="1" o="1" />
	<c c="ﭐ" r="486, 195, 489, 209" o="-1" />
	<c c="ﭑ" r="490, 195, 493, 209" />
	<c c="ﭒ" r="494, 195, 502, 209" />
	<c c="ﭓ" r="503, 195, 511, 209" />
	<c c="ﭔ" r="0, 210, 3, 224" />
	<c c="ﭕ" r="4, 210, 7, 224" />
	<c c="ﭖ" r="8, 210, 16, 224" />
	<c c="ﭗ" r="17, 210, 25, 224" />
	<c c="ﭘ" r="26, 210, 29, 224" />
	<c c="ﭙ" r="30, 210, 33, 224" />
	<c c="ﭚ" r="34, 210, 42, 224" />
	<c c="ﭛ" r="43, 210, 51, 224" />
	<c c="ﭜ" r="52, 210, 55, 224" />
	<c c="ﭝ" r="56, 210, 59, 224" />
	<c c="ﭞ" r="60, 210, 68, 224" />
	<c c="ﭟ" r="69, 210, 77, 224" />
	<c c="ﭠ" r="78, 210, 81, 224" />
	<c c="ﭡ" r="82, 210, 85, 224" />
	<c c="ﭢ" r="86, 210, 94, 224" />
	<c c="ﭣ" r="95, 210, 103, 224" />
	<c c="ﭤ" r="104, 210, 107, 224" />
	<c c="ﭥ" r="108, 210, 111, 224" />
	<c c="ﭦ" r="112, 210, 120, 224" />
	<c c="ﭧ" r="121, 210, 129, 224" />
	<c c="ﭨ" r="130, 210, 133, 224" />
	<c c="ﭩ" r="134, 210, 137, 224" />
	<c c="ﭪ" r="138, 210, 147, 224" />
	<c c="ﭫ" r="148, 210, 157, 224" />
	<c c="ﭬ" r="158, 210, 161, 224" />
	<c c="ﭭ" r="162, 210, 165, 224" />
	<c c="ﭮ" r="166, 210, 175, 224" />
	<c c="ﭯ" r="176, 210, 185, 224" />
	<c c="ﭰ" r="186, 210, 189, 224" />
	<c c="ﭱ" r="190, 210, 193, 224" />
	<c c="ﭲ" r="194, 210, 199, 224" o="1" />
	<c c="ﭳ" r="200, 210, 206, 224" />
	<c c="ﭴ" r="207, 210, 213, 224" />
	<c c="ﭵ" r="214, 210, 220, 224" />
	<c c="ﭶ" r="221, 210, 226, 224" o="1" />
	<c c="ﭷ" r="227, 210, 233, 224" />
	<c c="ﭸ" r="234, 210, 240, 224" />
	<c c="ﭹ" r="241, 210, 247, 224" />
	<c c="ﭺ" r="248, 210, 253, 224" o="1" />
	<c c="ﭻ" r="254, 210, 260, 224" />
	<c c="ﭼ" r="261, 210, 267, 224" />
	<c c="ﭽ" r="268, 210, 274, 224" />
	<c c="ﭾ" r="275, 210, 280, 224" o="1" />
	<c c="ﭿ" r="281, 210, 287, 224" />
	<c c="ﮀ" r="288, 210, 294, 224" />
	<c c="ﮁ" r="295, 210, 301, 224" />
	<c c="ﮂ" r="302, 210, 305, 224" u="1" />
	<c c="ﮃ" r="306, 210, 309, 224" u="1" />
	<c c="ﮄ" r="310, 210, 313, 224" u="1" />
	<c c="ﮅ" r="314, 210, 317, 224" u="1" />
	<c c="ﮆ" r="318, 210, 321, 224" u="1" />
	<c c="ﮇ" r="322, 210, 325, 224" u="1" />
	<c c="ﮈ" r="326, 210, 329, 224" u="1" />
	<c c="ﮉ" r="330, 210, 333, 224" u="1" />
	<c c="ﮊ" r="334, 210, 339, 224" />
	<c c="ﮋ" r="340, 210, 345, 224" />
	<c c="ﮌ" r="346, 210, 351, 224" />
	<c c="ﮍ" r="352, 210, 357, 224" />
	<c c="ﮎ" r="358, 210, 367, 224" />
	<c c="ﮏ" r="368, 210, 378, 224" />
	<c c="ﮐ" r="379, 210, 383, 224" />
	<c c="ﮑ" r="384, 210, 390, 224" />
	<c c="ﮒ" r="391, 210, 400, 224" />
	<c c="ﮓ" r="401, 210, 411, 224" />
	<c c="ﮔ" r="412, 210, 416, 224" />
	<c c="ﮕ" r="417, 210, 423, 224" />
	<c c="ﮖ" r="424, 210, 433, 224" />
	<c c="ﮗ" r="434, 210, 444, 224" />
	<c c="ﮘ" r="445, 210, 449, 224" />
	<c c="ﮙ" r="450, 210, 456, 224" />
	<c c="ﮚ" r="457, 210, 466, 224" />
	<c c="ﮛ" r="467, 210, 477, 224" />
	<c c="ﮜ" r="478, 210, 482, 224" />
	<c c="ﮝ" r="483, 210, 489, 224" />
	<c c="ﮞ" r="490, 210, 496, 224" />
	<c c="ﮟ" r="497, 210, 503, 224" />
	<c c="ﮠ" r="504, 210, 510, 224" />
	<c c="ﮡ" r="0, 225, 6, 239" />
	<c c="ﮢ" r="7, 225, 10, 239" />
	<c c="ﮣ" r="11, 225, 14, 239" />
	<c c="ﮤ" r="15, 225, 18, 239" />
	<c c="ﮥ" r="19, 225, 23, 239" />
	<c c="ﮦ" r="24, 225, 27, 239" />
	<c c="ﮧ" r="28, 225, 32, 239" />
	<c c="ﮨ" r="33, 225, 36, 239" />
	<c c="ﮩ" r="37, 225, 41, 239" />
	<c c="ﮪ" r="42, 225, 46, 239" o="1" />
	<c c="ﮫ" r="47, 225, 51, 239" />
	<c c="ﮬ" r="52, 225, 56, 239" o="1" />
	<c c="ﮭ" r="57, 225, 61, 239" />
	<c c="ﮮ" r="62, 225, 71, 239" />
	<c c="ﮯ" r="72, 225, 81, 239" />
	<c c="ﮰ" r="82, 225, 91, 239" />
	<c c="ﮱ" r="92, 225, 101, 239" />
	<c c="ﯓ" r="102, 225, 109, 239" />
	<c c="ﯔ" r="110, 225, 117, 239" />
	<c c="ﯕ" r="118, 225, 122, 239" />
	<c c="ﯖ" r="123, 225, 127, 239" />
	<c c="ﯗ" r="128, 225, 134, 239" u="-1" />
	<c c="ﯘ" r="135, 225, 141, 239" u="-1" />
	<c c="ﯙ" r="142, 225, 148, 239" u="-1" />
	<c c="ﯚ" r="149, 225, 155, 239" u="-1" />
	<c c="ﯛ" r="156, 225, 162, 239" u="-1" />
	<c c="ﯜ" r="163, 225, 169, 239" u="-1" />
	<c c="ﯝ" r="170, 225, 177, 239" u="-1" o="-1" />
	<c c="ﯞ" r="178, 225, 184, 239" u="-1" />
	<c c="ﯟ" r="185, 225, 191, 239" u="-1" />
	<c c="ﯠ" r="192, 225, 197, 239" />
	<c c="ﯡ" r="198, 225, 203, 239" />
	<c c="ﯢ" r="204, 225, 210, 239" u="-1" />
	<c c="ﯣ" r="211, 225, 217, 239" u="-1" />
	<c c="ﯤ" r="218, 225, 224, 239" o="1" />
	<c c="ﯥ" r="225, 225, 231, 239" />
	<c c="ﯦ" r="232, 225, 235, 239" />
	<c c="ﯧ" r="236, 225, 239, 239" />
	<c c="ﯼ" r="240, 225, 246, 239" o="1" />
	<c c="ﯽ" r="247, 225, 253, 239" />
	<c c="ﯾ" r="254, 225, 257, 239" />
	<c c="ﯿ" r="258, 225, 261, 239" />
	<c c="ﱞ" r="262, 225, 267, 239" u="-1" o="-2" />
	<c c="ﱟ" r="268, 225, 273, 239" u="-1" o="-2" />
	<c c="ﱠ" r="274, 225, 279, 239" u="-1" o="-2" />
	<c c="ﱡ" r="280, 225, 285, 239" u="-1" o="-2" />
	<c c="ﱢ" r="286, 225, 291, 239" u="-1" o="-2" />
	<c c="﴾" r="292, 225, 294, 239" u="1" o="1" />
	<c c="﴿" r="295, 225, 297, 239" u="1" o="1" />
	<c c="ﷲ" r="298, 225, 305, 239" />
	<c c="ﺀ" r="306, 225, 309, 239" u="1" o="1" />
	<c c="ﺁ" r="310, 225, 312, 239" />
	<c c="ﺂ" r="313, 225, 315, 239" u="1" />
	<c c="ﺃ" r="316, 225, 318, 239" />
	<c c="ﺄ" r="319, 225, 322, 239" />
	<c c="ﺅ" r="323, 225, 329, 239" u="-1" />
	<c c="ﺆ" r="330, 225, 336, 239" u="-1" />
	<c c="ﺇ" r="337, 225, 339, 239" />
	<c c="ﺈ" r="340, 225, 343, 239" />
	<c c="ﺉ" r="344, 225, 350, 239" o="1" />
	<c c="ﺊ" r="351, 225, 357, 239" />
	<c c="ﺋ" r="358, 225, 361, 239" />
	<c c="ﺌ" r="362, 225, 365, 239" />
	<c c="ﺍ" r="366, 225, 368, 239" />
	<c c="ﺎ" r="369, 225, 371, 239" u="1" />
	<c c="ﺏ" r="372, 225, 380, 239" />
	<c c="ﺐ" r="381, 225, 389, 239" />
	<c c="ﺑ" r="390, 225, 393, 239" />
	<c c="ﺒ" r="394, 225, 397, 239" />
	<c c="ﺓ" r="398, 225, 401, 239" />
	<c c="ﺔ" r="402, 225, 406, 239" />
	<c c="ﺕ" r="407, 225, 415, 239" />
	<c c="ﺖ" r="416, 225, 424, 239" />
	<c c="ﺗ" r="425, 225, 428, 239" />
	<c c="ﺘ" r="429, 225, 432, 239" />
	<c c="ﺙ" r="433, 225, 441, 239" />
	<c c="ﺚ" r="442, 225, 450, 239" />
	<c c="ﺛ" r="451, 225, 454, 239" />
	<c c="ﺜ" r="455, 225, 458, 239" />
	<c c="ﺝ" r="459, 225, 464, 239" o="1" />
	<c c="ﺞ" r="465, 225, 471, 239" />
	<c c="ﺟ" r="472, 225, 478, 239" />
	<c c="ﺠ" r="479, 225, 485, 239" />
	<c c="ﺡ" r="486, 225, 491, 239" o="1" />
	<c c="ﺢ" r="492, 225, 498, 239" />
	<c c="ﺣ" r="499, 225, 505, 239" />
	<c c="ﺤ" r="506, 225, 512, 239" />
	<c c="ﺥ" r="0, 240, 5, 254" o="1" />
	<c c="ﺦ" r="6, 240, 12, 254" />
	<c c="ﺧ" r="13, 240, 19, 254" />
	<c c="ﺨ" r="20, 240, 26, 254" />
	<c c="ﺩ" r="27, 240, 30, 254" u="1" />
	<c c="ﺪ" r="31, 240, 34, 254" u="1" />
	<c c="ﺫ" r="35, 240, 38, 254" u="1" />
	<c c="ﺬ" r="39, 240, 42, 254" u="1" />
	<c c="ﺭ" r="43, 240, 48, 254" />
	<c c="ﺮ" r="49, 240, 54, 254" />
	<c c="ﺯ" r="55, 240, 60, 254" />
	<c c="ﺰ" r="61, 240, 66, 254" />
	<c c="ﺱ" r="67, 240, 76, 254" />
	<c c="ﺲ" r="77, 240, 86, 254" />
	<c c="ﺳ" r="87, 240, 93, 254" />
	<c c="ﺴ" r="94, 240, 100, 254" />
	<c c="ﺵ" r="101, 240, 110, 254" />
	<c c="ﺶ" r="111, 240, 120, 254" />
	<c c="ﺷ" r="121, 240, 127, 254" />
	<c c="ﺸ" r="128, 240, 134, 254" />
	<c c="ﺹ" r="135, 240, 147, 254" />
	<c c="ﺺ" r="148, 240, 160, 254" />
	<c c="ﺻ" r="161, 240, 170, 254" />
	<c c="ﺼ" r="171, 240, 180, 254" />
	<c c="ﺽ" r="181, 240, 193, 254" />
	<c c="ﺾ" r="194, 240, 206, 254" />
	<c c="ﺿ" r="207, 240, 216, 254" />
	<c c="ﻀ" r="217, 240, 226, 254" />
	<c c="ﻁ" r="227, 240, 233, 254" />
	<c c="ﻂ" r="234, 240, 240, 254" />
	<c c="ﻃ" r="241, 240, 247, 254" />
	<c c="ﻄ" r="248, 240, 254, 254" />
	<c c="ﻅ" r="255, 240, 261, 254" />
	<c c="ﻆ" r="262, 240, 268, 254" />
	<c c="ﻇ" r="269, 240, 275, 254" />
	<c c="ﻈ" r="276, 240, 282, 254" />
	<c c="ﻉ" r="283, 240, 289, 254" />
	<c c="ﻊ" r="290, 240, 295, 254" />
	<c c="ﻋ" r="296, 240, 301, 254" o="1" />
	<c c="ﻌ" r="302, 240, 306, 254" />
	<c c="ﻍ" r="307, 240, 313, 254" />
	<c c="ﻎ" r="314, 240, 319, 254" />
	<c c="ﻏ" r="320, 240, 325, 254" o="1" />
	<c c="ﻐ" r="326, 240, 330, 254" />
	<c c="ﻑ" r="331, 240, 340, 254" />
	<c c="ﻒ" r="341, 240, 350, 254" />
	<c c="ﻓ" r="351, 240, 354, 254" />
	<c c="ﻔ" r="355, 240, 358, 254" />
	<c c="ﻕ" r="359, 240, 365, 254" />
	<c c="ﻖ" r="366, 240, 372, 254" />
	<c c="ﻗ" r="373, 240, 376, 254" />
	<c c="ﻘ" r="377, 240, 380, 254" />
	<c c="ﻙ" r="381, 240, 388, 254" />
	<c c="ﻚ" r="389, 240, 396, 254" />
	<c c="ﻛ" r="397, 240, 401, 254" />
	<c c="ﻜ" r="402, 240, 406, 254" />
	<c c="ﻝ" r="407, 240, 413, 254" />
	<c c="ﻞ" r="414, 240, 420, 254" />
	<c c="ﻟ" r="421, 240, 423, 254" />
	<c c="ﻠ" r="424, 240, 426, 254" />
	<c c="ﻡ" r="427, 240, 431, 254" />
	<c c="ﻢ" r="432, 240, 436, 254" />
	<c c="ﻣ" r="437, 240, 441, 254" />
	<c c="ﻤ" r="442, 240, 446, 254" />
	<c c="ﻥ" r="447, 240, 453, 254" />
	<c c="ﻦ" r="454, 240, 460, 254" />
	<c c="ﻧ" r="461, 240, 464, 254" />
	<c c="ﻨ" r="465, 240, 468, 254" />
	<c c="ﻩ" r="469, 240, 472, 254" />
	<c c="ﻪ" r="473, 240, 477, 254" />
	<c c="ﻫ" r="478, 240, 482, 254" o="1" />
	<c c="ﻬ" r="483, 240, 487, 254" />
	<c c="ﻭ" r="488, 240, 494, 254" u="-1" />
	<c c="ﻮ" r="495, 240, 501, 254" u="-1" />
	<c c="ﻯ" r="502, 240, 508, 254" o="1" />
	<c c="ﻰ" r="0, 255, 6, 269" />
	<c c="ﻱ" r="7, 255, 13, 269" o="1" />
	<c c="ﻲ" r="14, 255, 20, 269" />
	<c c="ﻳ" r="21, 255, 24, 269" />
	<c c="ﻴ" r="25, 255, 28, 269" />
	<c c="ﻵ" r="29, 255, 36, 269" o="-1" />
	<c c="ﻶ" r="37, 255, 43, 269" u="1" />
	<c c="ﻷ" r="44, 255, 52, 269" u="-1" o="-1" />
	<c c="ﻸ" r="53, 255, 60, 269" />
	<c c="ﻹ" r="61, 255, 68, 269" o="-1" />
	<c c="ﻺ" r="69, 255, 75, 269" u="1" />
	<c c="ﻻ" r="76, 255, 83, 269" o="-1" />
	<c c="ﻼ" r="84, 255, 90, 269" u="1" />
	<c c="￼" r="91, 255, 102, 269" />
</font>